case_id,width,text_scale,status,selected_pngs
dashboard,424,100,current compact typography inspection pending,5
nutrition,424,100,current compact typography inspection pending,5
training,424,100,current compact typography inspection pending,5
body,424,100,current compact typography inspection pending,9
insights,424,100,current compact typography inspection pending,4
history,424,100,current compact typography inspection pending,7
inbox,424,100,current compact typography inspection pending,6
life,424,100,current compact typography inspection pending,5
settings,424,100,current compact typography inspection pending,4
workout-upper,424,100,current compact typography inspection pending,3
workout-lower,424,100,current compact typography inspection pending,2
workout-rest,424,100,current compact typography inspection pending,1
workout-missing,424,100,current compact typography inspection pending,1
dashboard-historical,424,100,current compact typography inspection pending,5
dashboard-empty,424,100,current compact typography inspection pending,3
nutrition-empty,424,100,current compact typography inspection pending,4
training-empty,424,100,current compact typography inspection pending,4
body-empty,424,100,current compact typography inspection pending,5
insights-empty,424,100,current compact typography inspection pending,3
history-empty,424,100,current compact typography inspection pending,2
inbox-empty,424,100,current compact typography inspection pending,2
life-empty,424,100,current compact typography inspection pending,2
dashboard-private-error,424,100,current compact typography inspection pending,4
inbox-private-error,424,100,current compact typography inspection pending,1
life-private-error,424,100,current compact typography inspection pending,2
settings-private-error,424,100,current compact typography inspection pending,4
boot-loading,424,100,current compact typography inspection pending,1
boot-no-data-error,424,100,current compact typography inspection pending,1
offline-first-visit,424,100,current compact typography inspection pending,1
dashboard-offline-saved-health,424,100,current compact typography inspection pending,5
inbox-offline-saved-health,424,100,current compact typography inspection pending,6
life-offline-saved-health,424,100,current compact typography inspection pending,6
training-paused,424,100,current compact typography inspection pending,6
training-clearance-unconfirmed,424,100,current compact typography inspection pending,6
app-update-recovery-ready,424,100,current compact typography inspection pending,1
app-update-recovery-latest,424,100,current compact typography inspection pending,1
app-update-recovery-offline,424,100,current compact typography inspection pending,1
dashboard,424,130,current compact typography inspection pending,0
nutrition,424,130,current compact typography inspection pending,0
training,424,130,current compact typography inspection pending,0
body,424,130,current compact typography inspection pending,0
insights,424,130,current compact typography inspection pending,0
history,424,130,current compact typography inspection pending,0
inbox,424,130,current compact typography inspection pending,0
life,424,130,current compact typography inspection pending,0
settings,424,130,current compact typography inspection pending,0
workout-upper,424,130,current compact typography inspection pending,0
workout-lower,424,130,current compact typography inspection pending,0
workout-rest,424,130,current compact typography inspection pending,0
workout-missing,424,130,current compact typography inspection pending,0
dashboard-historical,424,130,current compact typography inspection pending,0
dashboard-empty,424,130,current compact typography inspection pending,0
nutrition-empty,424,130,current compact typography inspection pending,0
training-empty,424,130,current compact typography inspection pending,0
body-empty,424,130,current compact typography inspection pending,0
insights-empty,424,130,current compact typography inspection pending,0
history-empty,424,130,current compact typography inspection pending,0
inbox-empty,424,130,current compact typography inspection pending,0
life-empty,424,130,current compact typography inspection pending,0
dashboard-private-error,424,130,current compact typography inspection pending,0
inbox-private-error,424,130,current compact typography inspection pending,0
life-private-error,424,130,current compact typography inspection pending,0
settings-private-error,424,130,current compact typography inspection pending,0
boot-loading,424,130,current compact typography inspection pending,0
boot-no-data-error,424,130,current compact typography inspection pending,0
offline-first-visit,424,130,current compact typography inspection pending,0
dashboard-offline-saved-health,424,130,current compact typography inspection pending,0
inbox-offline-saved-health,424,130,current compact typography inspection pending,0
life-offline-saved-health,424,130,current compact typography inspection pending,0
training-paused,424,130,current compact typography inspection pending,0
training-clearance-unconfirmed,424,130,current compact typography inspection pending,0
app-update-recovery-ready,424,130,current compact typography inspection pending,0
app-update-recovery-latest,424,130,current compact typography inspection pending,0
app-update-recovery-offline,424,130,current compact typography inspection pending,0
dashboard,424,200,current compact typography inspection pending,0
nutrition,424,200,current compact typography inspection pending,0
training,424,200,current compact typography inspection pending,0
body,424,200,current compact typography inspection pending,0
insights,424,200,current compact typography inspection pending,0
history,424,200,current compact typography inspection pending,0
inbox,424,200,current compact typography inspection pending,0
life,424,200,current compact typography inspection pending,0
settings,424,200,current compact typography inspection pending,0
workout-upper,424,200,current compact typography inspection pending,0
workout-lower,424,200,current compact typography inspection pending,0
workout-rest,424,200,current compact typography inspection pending,0
workout-missing,424,200,current compact typography inspection pending,0
dashboard-historical,424,200,current compact typography inspection pending,0
dashboard-empty,424,200,current compact typography inspection pending,0
nutrition-empty,424,200,current compact typography inspection pending,0
training-empty,424,200,current compact typography inspection pending,0
body-empty,424,200,current compact typography inspection pending,0
insights-empty,424,200,current compact typography inspection pending,0
history-empty,424,200,current compact typography inspection pending,0
inbox-empty,424,200,current compact typography inspection pending,0
life-empty,424,200,current compact typography inspection pending,0
dashboard-private-error,424,200,current compact typography inspection pending,0
inbox-private-error,424,200,current compact typography inspection pending,0
life-private-error,424,200,current compact typography inspection pending,0
settings-private-error,424,200,current compact typography inspection pending,0
boot-loading,424,200,current compact typography inspection pending,0
boot-no-data-error,424,200,current compact typography inspection pending,0
offline-first-visit,424,200,current compact typography inspection pending,0
dashboard-offline-saved-health,424,200,current compact typography inspection pending,0
inbox-offline-saved-health,424,200,current compact typography inspection pending,0
life-offline-saved-health,424,200,current compact typography inspection pending,0
training-paused,424,200,current compact typography inspection pending,0
training-clearance-unconfirmed,424,200,current compact typography inspection pending,0
app-update-recovery-ready,424,200,current compact typography inspection pending,0
app-update-recovery-latest,424,200,current compact typography inspection pending,0
app-update-recovery-offline,424,200,current compact typography inspection pending,0
dashboard,390,100,current compact typography inspection pending,5
nutrition,390,100,current compact typography inspection pending,5
training,390,100,current compact typography inspection pending,6
body,390,100,current compact typography inspection pending,9
insights,390,100,current compact typography inspection pending,4
history,390,100,current compact typography inspection pending,7
inbox,390,100,current compact typography inspection pending,6
life,390,100,current compact typography inspection pending,5
settings,390,100,current compact typography inspection pending,4
workout-upper,390,100,current compact typography inspection pending,3
workout-lower,390,100,current compact typography inspection pending,3
workout-rest,390,100,current compact typography inspection pending,1
workout-missing,390,100,current compact typography inspection pending,1
dashboard-historical,390,100,current compact typography inspection pending,5
dashboard-empty,390,100,current compact typography inspection pending,3
nutrition-empty,390,100,current compact typography inspection pending,4
training-empty,390,100,current compact typography inspection pending,4
body-empty,390,100,current compact typography inspection pending,5
insights-empty,390,100,current compact typography inspection pending,3
history-empty,390,100,current compact typography inspection pending,2
inbox-empty,390,100,current compact typography inspection pending,2
life-empty,390,100,current compact typography inspection pending,2
dashboard-private-error,390,100,current compact typography inspection pending,4
inbox-private-error,390,100,current compact typography inspection pending,1
life-private-error,390,100,current compact typography inspection pending,2
settings-private-error,390,100,current compact typography inspection pending,4
boot-loading,390,100,current compact typography inspection pending,1
boot-no-data-error,390,100,current compact typography inspection pending,1
offline-first-visit,390,100,current compact typography inspection pending,1
dashboard-offline-saved-health,390,100,current compact typography inspection pending,5
inbox-offline-saved-health,390,100,current compact typography inspection pending,6
life-offline-saved-health,390,100,current compact typography inspection pending,6
training-paused,390,100,current compact typography inspection pending,6
training-clearance-unconfirmed,390,100,current compact typography inspection pending,6
app-update-recovery-ready,390,100,current compact typography inspection pending,2
app-update-recovery-latest,390,100,current compact typography inspection pending,1
app-update-recovery-offline,390,100,current compact typography inspection pending,1
dashboard,390,130,current compact typography inspection pending,0
nutrition,390,130,current compact typography inspection pending,0
training,390,130,current compact typography inspection pending,0
body,390,130,current compact typography inspection pending,0
insights,390,130,current compact typography inspection pending,0
history,390,130,current compact typography inspection pending,0
inbox,390,130,current compact typography inspection pending,0
life,390,130,current compact typography inspection pending,0
settings,390,130,current compact typography inspection pending,0
workout-upper,390,130,current compact typography inspection pending,0
workout-lower,390,130,current compact typography inspection pending,0
workout-rest,390,130,current compact typography inspection pending,0
workout-missing,390,130,current compact typography inspection pending,0
dashboard-historical,390,130,current compact typography inspection pending,0
dashboard-empty,390,130,current compact typography inspection pending,0
nutrition-empty,390,130,current compact typography inspection pending,0
training-empty,390,130,current compact typography inspection pending,0
body-empty,390,130,current compact typography inspection pending,0
insights-empty,390,130,current compact typography inspection pending,0
history-empty,390,130,current compact typography inspection pending,0
inbox-empty,390,130,current compact typography inspection pending,0
life-empty,390,130,current compact typography inspection pending,0
dashboard-private-error,390,130,current compact typography inspection pending,0
inbox-private-error,390,130,current compact typography inspection pending,0
life-private-error,390,130,current compact typography inspection pending,0
settings-private-error,390,130,current compact typography inspection pending,0
boot-loading,390,130,current compact typography inspection pending,0
boot-no-data-error,390,130,current compact typography inspection pending,0
offline-first-visit,390,130,current compact typography inspection pending,0
dashboard-offline-saved-health,390,130,current compact typography inspection pending,0
inbox-offline-saved-health,390,130,current compact typography inspection pending,0
life-offline-saved-health,390,130,current compact typography inspection pending,0
training-paused,390,130,current compact typography inspection pending,0
training-clearance-unconfirmed,390,130,current compact typography inspection pending,0
app-update-recovery-ready,390,130,current compact typography inspection pending,0
app-update-recovery-latest,390,130,current compact typography inspection pending,0
app-update-recovery-offline,390,130,current compact typography inspection pending,0
dashboard,390,200,current compact typography inspection pending,0
nutrition,390,200,current compact typography inspection pending,0
training,390,200,current compact typography inspection pending,0
body,390,200,current compact typography inspection pending,0
insights,390,200,current compact typography inspection pending,0
history,390,200,current compact typography inspection pending,0
inbox,390,200,current compact typography inspection pending,0
life,390,200,current compact typography inspection pending,0
settings,390,200,current compact typography inspection pending,0
workout-upper,390,200,current compact typography inspection pending,0
workout-lower,390,200,current compact typography inspection pending,0
workout-rest,390,200,current compact typography inspection pending,0
workout-missing,390,200,current compact typography inspection pending,0
dashboard-historical,390,200,current compact typography inspection pending,0
dashboard-empty,390,200,current compact typography inspection pending,0
nutrition-empty,390,200,current compact typography inspection pending,0
training-empty,390,200,current compact typography inspection pending,0
body-empty,390,200,current compact typography inspection pending,0
insights-empty,390,200,current compact typography inspection pending,0
history-empty,390,200,current compact typography inspection pending,0
inbox-empty,390,200,current compact typography inspection pending,0
life-empty,390,200,current compact typography inspection pending,0
dashboard-private-error,390,200,current compact typography inspection pending,0
inbox-private-error,390,200,current compact typography inspection pending,0
life-private-error,390,200,current compact typography inspection pending,0
settings-private-error,390,200,current compact typography inspection pending,0
boot-loading,390,200,current compact typography inspection pending,0
boot-no-data-error,390,200,current compact typography inspection pending,0
offline-first-visit,390,200,current compact typography inspection pending,0
dashboard-offline-saved-health,390,200,current compact typography inspection pending,0
inbox-offline-saved-health,390,200,current compact typography inspection pending,0
life-offline-saved-health,390,200,current compact typography inspection pending,0
training-paused,390,200,current compact typography inspection pending,0
training-clearance-unconfirmed,390,200,current compact typography inspection pending,0
app-update-recovery-ready,390,200,current compact typography inspection pending,0
app-update-recovery-latest,390,200,current compact typography inspection pending,0
app-update-recovery-offline,390,200,current compact typography inspection pending,0
dashboard,360,100,current compact typography inspection pending,5
nutrition,360,100,current compact typography inspection pending,5
training,360,100,current compact typography inspection pending,6
body,360,100,current compact typography inspection pending,9
insights,360,100,current compact typography inspection pending,4
history,360,100,current compact typography inspection pending,7
inbox,360,100,current compact typography inspection pending,7
life,360,100,current compact typography inspection pending,6
settings,360,100,current compact typography inspection pending,4
workout-upper,360,100,current compact typography inspection pending,3
workout-lower,360,100,current compact typography inspection pending,3
workout-rest,360,100,current compact typography inspection pending,1
workout-missing,360,100,current compact typography inspection pending,1
dashboard-historical,360,100,current compact typography inspection pending,5
dashboard-empty,360,100,current compact typography inspection pending,4
nutrition-empty,360,100,current compact typography inspection pending,4
training-empty,360,100,current compact typography inspection pending,5
body-empty,360,100,current compact typography inspection pending,5
insights-empty,360,100,current compact typography inspection pending,3
history-empty,360,100,current compact typography inspection pending,2
inbox-empty,360,100,current compact typography inspection pending,2
life-empty,360,100,current compact typography inspection pending,2
dashboard-private-error,360,100,current compact typography inspection pending,4
inbox-private-error,360,100,current compact typography inspection pending,1
life-private-error,360,100,current compact typography inspection pending,2
settings-private-error,360,100,current compact typography inspection pending,4
boot-loading,360,100,current compact typography inspection pending,1
boot-no-data-error,360,100,current compact typography inspection pending,1
offline-first-visit,360,100,current compact typography inspection pending,1
dashboard-offline-saved-health,360,100,current compact typography inspection pending,5
inbox-offline-saved-health,360,100,current compact typography inspection pending,7
life-offline-saved-health,360,100,current compact typography inspection pending,6
training-paused,360,100,current compact typography inspection pending,6
training-clearance-unconfirmed,360,100,current compact typography inspection pending,6
app-update-recovery-ready,360,100,current compact typography inspection pending,2
app-update-recovery-latest,360,100,current compact typography inspection pending,1
app-update-recovery-offline,360,100,current compact typography inspection pending,1
dashboard,360,130,current compact typography inspection pending,0
nutrition,360,130,current compact typography inspection pending,0
training,360,130,current compact typography inspection pending,0
body,360,130,current compact typography inspection pending,0
insights,360,130,current compact typography inspection pending,0
history,360,130,current compact typography inspection pending,0
inbox,360,130,current compact typography inspection pending,0
life,360,130,current compact typography inspection pending,0
settings,360,130,current compact typography inspection pending,0
workout-upper,360,130,current compact typography inspection pending,0
workout-lower,360,130,current compact typography inspection pending,0
workout-rest,360,130,current compact typography inspection pending,0
workout-missing,360,130,current compact typography inspection pending,0
dashboard-historical,360,130,current compact typography inspection pending,0
dashboard-empty,360,130,current compact typography inspection pending,0
nutrition-empty,360,130,current compact typography inspection pending,0
training-empty,360,130,current compact typography inspection pending,0
body-empty,360,130,current compact typography inspection pending,0
insights-empty,360,130,current compact typography inspection pending,0
history-empty,360,130,current compact typography inspection pending,0
inbox-empty,360,130,current compact typography inspection pending,0
life-empty,360,130,current compact typography inspection pending,0
dashboard-private-error,360,130,current compact typography inspection pending,0
inbox-private-error,360,130,current compact typography inspection pending,0
life-private-error,360,130,current compact typography inspection pending,0
settings-private-error,360,130,current compact typography inspection pending,0
boot-loading,360,130,current compact typography inspection pending,0
boot-no-data-error,360,130,current compact typography inspection pending,0
offline-first-visit,360,130,current compact typography inspection pending,0
dashboard-offline-saved-health,360,130,current compact typography inspection pending,0
inbox-offline-saved-health,360,130,current compact typography inspection pending,0
life-offline-saved-health,360,130,current compact typography inspection pending,0
training-paused,360,130,current compact typography inspection pending,0
training-clearance-unconfirmed,360,130,current compact typography inspection pending,0
app-update-recovery-ready,360,130,current compact typography inspection pending,0
app-update-recovery-latest,360,130,current compact typography inspection pending,0
app-update-recovery-offline,360,130,current compact typography inspection pending,0
dashboard,360,200,current compact typography inspection pending,0
nutrition,360,200,current compact typography inspection pending,0
training,360,200,current compact typography inspection pending,0
body,360,200,current compact typography inspection pending,0
insights,360,200,current compact typography inspection pending,0
history,360,200,current compact typography inspection pending,0
inbox,360,200,current compact typography inspection pending,0
life,360,200,current compact typography inspection pending,0
settings,360,200,current compact typography inspection pending,0
workout-upper,360,200,current compact typography inspection pending,0
workout-lower,360,200,current compact typography inspection pending,0
workout-rest,360,200,current compact typography inspection pending,0
workout-missing,360,200,current compact typography inspection pending,0
dashboard-historical,360,200,current compact typography inspection pending,0
dashboard-empty,360,200,current compact typography inspection pending,0
nutrition-empty,360,200,current compact typography inspection pending,0
training-empty,360,200,current compact typography inspection pending,0
body-empty,360,200,current compact typography inspection pending,0
insights-empty,360,200,current compact typography inspection pending,0
history-empty,360,200,current compact typography inspection pending,0
inbox-empty,360,200,current compact typography inspection pending,0
life-empty,360,200,current compact typography inspection pending,0
dashboard-private-error,360,200,current compact typography inspection pending,0
inbox-private-error,360,200,current compact typography inspection pending,0
life-private-error,360,200,current compact typography inspection pending,0
settings-private-error,360,200,current compact typography inspection pending,0
boot-loading,360,200,current compact typography inspection pending,0
boot-no-data-error,360,200,current compact typography inspection pending,0
offline-first-visit,360,200,current compact typography inspection pending,0
dashboard-offline-saved-health,360,200,current compact typography inspection pending,0
inbox-offline-saved-health,360,200,current compact typography inspection pending,0
life-offline-saved-health,360,200,current compact typography inspection pending,0
training-paused,360,200,current compact typography inspection pending,0
training-clearance-unconfirmed,360,200,current compact typography inspection pending,0
app-update-recovery-ready,360,200,current compact typography inspection pending,0
app-update-recovery-latest,360,200,current compact typography inspection pending,0
app-update-recovery-offline,360,200,current compact typography inspection pending,0
